,HitRate_3P,HitRate_3R,HitRate_3F,HitRate_0.5P,HitRate_0.5R,HitRate_0.5F,HitRate_t3P,HitRate_t3R,HitRate_t3F,HitRate_t0.5P,HitRate_t0.5R,HitRate_t0.5F,HitRate_w3F,HitRate_w0.5F,HitRate_wt3F,HitRate_wt0.5F,D,DevR2E,DevE2R,DevtR2E,DevtE2R,PWP,PWR,PWF,So,Su,Sf,track_id,ds_name
0,0.25,0.25,0.25,0.25,0.25,0.25,0.16666666666666666,0.16666666666666666,0.16666666666666666,0.16666666666666666,0.16666666666666666,0.16666666666666666,0.25,0.25,0.16666666666666669,0.16666666666666669,0.6236613424117626,10.825984999999996,3.512830000000003,11.0,8.752650000000003,0.460744132432519,0.7123808737984241,0.559574309500585,0.7930816663432255,0.5818241112694834,0.671222774967853,05-un-x100to,05-un-x100to.jams
